figure,series,label,value,unit,evidence_type,source,note
1,Annual remittance inflows,2020,3094,USD million,Published observation,Source 2 CBK August 2026 slide 31,Calendar year; no projections; nominal values
1,Annual remittance inflows,2021,3718,USD million,Published observation,Source 2 CBK August 2026 slide 31,Calendar year; no projections; nominal values
1,Annual remittance inflows,2022,4028,USD million,Published observation,Source 2 CBK August 2026 slide 31,Calendar year; no projections; nominal values
1,Annual remittance inflows,2023,4190,USD million,Published observation,Source 2 CBK August 2026 slide 31,Calendar year; no projections; nominal values
1,Annual remittance inflows,2024,4945,USD million,Published observation,Source 2 CBK August 2026 slide 31,Calendar year; no projections; nominal values
1,Annual remittance inflows,2025,5037,USD million,Published observation,Source 2 CBK August 2026 slide 31,Calendar year; no projections; nominal values
2,Revenue,Video library,4000,USD per month,AGF illustrative assumption or calculation,AGF scenario,Video: 2000000 views at USD 2 RPM; newsletter: 250 payers at USD 8; software: 100 payers at USD 25; learning product: 50 orders at USD 60. Remainder before tax debt and additional investment.
2,Operating and replacement labour costs,Video library,3000,USD per month,AGF illustrative assumption or calculation,AGF scenario,Video: 2000000 views at USD 2 RPM; newsletter: 250 payers at USD 8; software: 100 payers at USD 25; learning product: 50 orders at USD 60. Remainder before tax debt and additional investment.
2,Remainder,Video library,1000,USD per month,AGF illustrative assumption or calculation,AGF scenario,Video: 2000000 views at USD 2 RPM; newsletter: 250 payers at USD 8; software: 100 payers at USD 25; learning product: 50 orders at USD 60. Remainder before tax debt and additional investment.
2,Revenue,Newsletter,2000,USD per month,AGF illustrative assumption or calculation,AGF scenario,Video: 2000000 views at USD 2 RPM; newsletter: 250 payers at USD 8; software: 100 payers at USD 25; learning product: 50 orders at USD 60. Remainder before tax debt and additional investment.
2,Operating and replacement labour costs,Newsletter,900,USD per month,AGF illustrative assumption or calculation,AGF scenario,Video: 2000000 views at USD 2 RPM; newsletter: 250 payers at USD 8; software: 100 payers at USD 25; learning product: 50 orders at USD 60. Remainder before tax debt and additional investment.
2,Remainder,Newsletter,1100,USD per month,AGF illustrative assumption or calculation,AGF scenario,Video: 2000000 views at USD 2 RPM; newsletter: 250 payers at USD 8; software: 100 payers at USD 25; learning product: 50 orders at USD 60. Remainder before tax debt and additional investment.
2,Revenue,Software,2500,USD per month,AGF illustrative assumption or calculation,AGF scenario,Video: 2000000 views at USD 2 RPM; newsletter: 250 payers at USD 8; software: 100 payers at USD 25; learning product: 50 orders at USD 60. Remainder before tax debt and additional investment.
2,Operating and replacement labour costs,Software,1600,USD per month,AGF illustrative assumption or calculation,AGF scenario,Video: 2000000 views at USD 2 RPM; newsletter: 250 payers at USD 8; software: 100 payers at USD 25; learning product: 50 orders at USD 60. Remainder before tax debt and additional investment.
2,Remainder,Software,900,USD per month,AGF illustrative assumption or calculation,AGF scenario,Video: 2000000 views at USD 2 RPM; newsletter: 250 payers at USD 8; software: 100 payers at USD 25; learning product: 50 orders at USD 60. Remainder before tax debt and additional investment.
2,Revenue,Learning product,3000,USD per month,AGF illustrative assumption or calculation,AGF scenario,Video: 2000000 views at USD 2 RPM; newsletter: 250 payers at USD 8; software: 100 payers at USD 25; learning product: 50 orders at USD 60. Remainder before tax debt and additional investment.
2,Operating and replacement labour costs,Learning product,1800,USD per month,AGF illustrative assumption or calculation,AGF scenario,Video: 2000000 views at USD 2 RPM; newsletter: 250 payers at USD 8; software: 100 payers at USD 25; learning product: 50 orders at USD 60. Remainder before tax debt and additional investment.
2,Remainder,Learning product,1200,USD per month,AGF illustrative assumption or calculation,AGF scenario,Video: 2000000 views at USD 2 RPM; newsletter: 250 payers at USD 8; software: 100 payers at USD 25; learning product: 50 orders at USD 60. Remainder before tax debt and additional investment.
3,Revenue,Annual,120000,USD,AGF illustrative assumption or calculation,AGF scenario,Cash remaining = 120000 - 48000 - 36000 - 12000; before tax and debt service
3,Other operating costs,Annual,-48000,USD,AGF illustrative assumption or calculation,AGF scenario,Cash remaining = 120000 - 48000 - 36000 - 12000; before tax and debt service
3,Replacement labour,Annual,-36000,USD,AGF illustrative assumption or calculation,AGF scenario,Cash remaining = 120000 - 48000 - 36000 - 12000; before tax and debt service
3,Maintenance investment,Annual,-12000,USD,AGF illustrative assumption or calculation,AGF scenario,Cash remaining = 120000 - 48000 - 36000 - 12000; before tax and debt service
3,Cash remaining,Annual,24000,USD,AGF illustrative assumption or calculation,AGF scenario,Cash remaining = 120000 - 48000 - 36000 - 12000; before tax and debt service
4,1 times earnings,Annual cash earnings USD 20000,20000,USD indicative business value,AGF illustrative calculation,AGF scenario,"Earnings after replacement labour and maintenance investment, before tax and debt service. Multiples invented. Cash/debt/tax/fees/working-capital adjustments excluded."
4,2 times earnings,Annual cash earnings USD 20000,40000,USD indicative business value,AGF illustrative calculation,AGF scenario,"Earnings after replacement labour and maintenance investment, before tax and debt service. Multiples invented. Cash/debt/tax/fees/working-capital adjustments excluded."
4,3 times earnings,Annual cash earnings USD 20000,60000,USD indicative business value,AGF illustrative calculation,AGF scenario,"Earnings after replacement labour and maintenance investment, before tax and debt service. Multiples invented. Cash/debt/tax/fees/working-capital adjustments excluded."
4,1 times earnings,Annual cash earnings USD 40000,40000,USD indicative business value,AGF illustrative calculation,AGF scenario,"Earnings after replacement labour and maintenance investment, before tax and debt service. Multiples invented. Cash/debt/tax/fees/working-capital adjustments excluded."
4,2 times earnings,Annual cash earnings USD 40000,80000,USD indicative business value,AGF illustrative calculation,AGF scenario,"Earnings after replacement labour and maintenance investment, before tax and debt service. Multiples invented. Cash/debt/tax/fees/working-capital adjustments excluded."
4,3 times earnings,Annual cash earnings USD 40000,120000,USD indicative business value,AGF illustrative calculation,AGF scenario,"Earnings after replacement labour and maintenance investment, before tax and debt service. Multiples invented. Cash/debt/tax/fees/working-capital adjustments excluded."
4,1 times earnings,Annual cash earnings USD 80000,80000,USD indicative business value,AGF illustrative calculation,AGF scenario,"Earnings after replacement labour and maintenance investment, before tax and debt service. Multiples invented. Cash/debt/tax/fees/working-capital adjustments excluded."
4,2 times earnings,Annual cash earnings USD 80000,160000,USD indicative business value,AGF illustrative calculation,AGF scenario,"Earnings after replacement labour and maintenance investment, before tax and debt service. Multiples invented. Cash/debt/tax/fees/working-capital adjustments excluded."
4,3 times earnings,Annual cash earnings USD 80000,240000,USD indicative business value,AGF illustrative calculation,AGF scenario,"Earnings after replacement labour and maintenance investment, before tax and debt service. Multiples invented. Cash/debt/tax/fees/working-capital adjustments excluded."
5,0.25 percentage-point annual cost drag,Year 0,10000.0,USD balance,AGF illustrative calculation,AGF assumptions; fee principle Source 40,Gross annual return fixed at 6 percent; subtract chosen cost drag; monthly rate=(1+net annual rate)^(1/12)-1; USD 300 paid at month end. Tax and inflation excluded.
5,0.25 percentage-point annual cost drag,Year 1,14268.92,USD balance,AGF illustrative calculation,AGF assumptions; fee principle Source 40,Gross annual return fixed at 6 percent; subtract chosen cost drag; monthly rate=(1+net annual rate)^(1/12)-1; USD 300 paid at month end. Tax and inflation excluded.
5,0.25 percentage-point annual cost drag,Year 2,18783.3,USD balance,AGF illustrative calculation,AGF assumptions; fee principle Source 40,Gross annual return fixed at 6 percent; subtract chosen cost drag; monthly rate=(1+net annual rate)^(1/12)-1; USD 300 paid at month end. Tax and inflation excluded.
5,0.25 percentage-point annual cost drag,Year 3,23557.25,USD balance,AGF illustrative calculation,AGF assumptions; fee principle Source 40,Gross annual return fixed at 6 percent; subtract chosen cost drag; monthly rate=(1+net annual rate)^(1/12)-1; USD 300 paid at month end. Tax and inflation excluded.
5,0.25 percentage-point annual cost drag,Year 4,28605.71,USD balance,AGF illustrative calculation,AGF assumptions; fee principle Source 40,Gross annual return fixed at 6 percent; subtract chosen cost drag; monthly rate=(1+net annual rate)^(1/12)-1; USD 300 paid at month end. Tax and inflation excluded.
5,0.25 percentage-point annual cost drag,Year 5,33944.46,USD balance,AGF illustrative calculation,AGF assumptions; fee principle Source 40,Gross annual return fixed at 6 percent; subtract chosen cost drag; monthly rate=(1+net annual rate)^(1/12)-1; USD 300 paid at month end. Tax and inflation excluded.
5,0.25 percentage-point annual cost drag,Year 6,39590.18,USD balance,AGF illustrative calculation,AGF assumptions; fee principle Source 40,Gross annual return fixed at 6 percent; subtract chosen cost drag; monthly rate=(1+net annual rate)^(1/12)-1; USD 300 paid at month end. Tax and inflation excluded.
5,0.25 percentage-point annual cost drag,Year 7,45560.54,USD balance,AGF illustrative calculation,AGF assumptions; fee principle Source 40,Gross annual return fixed at 6 percent; subtract chosen cost drag; monthly rate=(1+net annual rate)^(1/12)-1; USD 300 paid at month end. Tax and inflation excluded.
5,0.25 percentage-point annual cost drag,Year 8,51874.18,USD balance,AGF illustrative calculation,AGF assumptions; fee principle Source 40,Gross annual return fixed at 6 percent; subtract chosen cost drag; monthly rate=(1+net annual rate)^(1/12)-1; USD 300 paid at month end. Tax and inflation excluded.
5,0.25 percentage-point annual cost drag,Year 9,58550.87,USD balance,AGF illustrative calculation,AGF assumptions; fee principle Source 40,Gross annual return fixed at 6 percent; subtract chosen cost drag; monthly rate=(1+net annual rate)^(1/12)-1; USD 300 paid at month end. Tax and inflation excluded.
5,0.25 percentage-point annual cost drag,Year 10,65611.46,USD balance,AGF illustrative calculation,AGF assumptions; fee principle Source 40,Gross annual return fixed at 6 percent; subtract chosen cost drag; monthly rate=(1+net annual rate)^(1/12)-1; USD 300 paid at month end. Tax and inflation excluded.
5,0.25 percentage-point annual cost drag,Year 11,73078.04,USD balance,AGF illustrative calculation,AGF assumptions; fee principle Source 40,Gross annual return fixed at 6 percent; subtract chosen cost drag; monthly rate=(1+net annual rate)^(1/12)-1; USD 300 paid at month end. Tax and inflation excluded.
5,0.25 percentage-point annual cost drag,Year 12,80973.94,USD balance,AGF illustrative calculation,AGF assumptions; fee principle Source 40,Gross annual return fixed at 6 percent; subtract chosen cost drag; monthly rate=(1+net annual rate)^(1/12)-1; USD 300 paid at month end. Tax and inflation excluded.
5,0.25 percentage-point annual cost drag,Year 13,89323.86,USD balance,AGF illustrative calculation,AGF assumptions; fee principle Source 40,Gross annual return fixed at 6 percent; subtract chosen cost drag; monthly rate=(1+net annual rate)^(1/12)-1; USD 300 paid at month end. Tax and inflation excluded.
5,0.25 percentage-point annual cost drag,Year 14,98153.9,USD balance,AGF illustrative calculation,AGF assumptions; fee principle Source 40,Gross annual return fixed at 6 percent; subtract chosen cost drag; monthly rate=(1+net annual rate)^(1/12)-1; USD 300 paid at month end. Tax and inflation excluded.
5,0.25 percentage-point annual cost drag,Year 15,107491.67,USD balance,AGF illustrative calculation,AGF assumptions; fee principle Source 40,Gross annual return fixed at 6 percent; subtract chosen cost drag; monthly rate=(1+net annual rate)^(1/12)-1; USD 300 paid at month end. Tax and inflation excluded.
5,0.25 percentage-point annual cost drag,Year 16,117366.35,USD balance,AGF illustrative calculation,AGF assumptions; fee principle Source 40,Gross annual return fixed at 6 percent; subtract chosen cost drag; monthly rate=(1+net annual rate)^(1/12)-1; USD 300 paid at month end. Tax and inflation excluded.
5,0.25 percentage-point annual cost drag,Year 17,127808.84,USD balance,AGF illustrative calculation,AGF assumptions; fee principle Source 40,Gross annual return fixed at 6 percent; subtract chosen cost drag; monthly rate=(1+net annual rate)^(1/12)-1; USD 300 paid at month end. Tax and inflation excluded.
5,0.25 percentage-point annual cost drag,Year 18,138851.76,USD balance,AGF illustrative calculation,AGF assumptions; fee principle Source 40,Gross annual return fixed at 6 percent; subtract chosen cost drag; monthly rate=(1+net annual rate)^(1/12)-1; USD 300 paid at month end. Tax and inflation excluded.
5,0.25 percentage-point annual cost drag,Year 19,150529.65,USD balance,AGF illustrative calculation,AGF assumptions; fee principle Source 40,Gross annual return fixed at 6 percent; subtract chosen cost drag; monthly rate=(1+net annual rate)^(1/12)-1; USD 300 paid at month end. Tax and inflation excluded.
5,0.25 percentage-point annual cost drag,Year 20,162879.03,USD balance,AGF illustrative calculation,AGF assumptions; fee principle Source 40,Gross annual return fixed at 6 percent; subtract chosen cost drag; monthly rate=(1+net annual rate)^(1/12)-1; USD 300 paid at month end. Tax and inflation excluded.
5,2 percentage-point annual cost drag,Year 0,10000.0,USD balance,AGF illustrative calculation,AGF assumptions; fee principle Source 40,Gross annual return fixed at 6 percent; subtract chosen cost drag; monthly rate=(1+net annual rate)^(1/12)-1; USD 300 paid at month end. Tax and inflation excluded.
5,2 percentage-point annual cost drag,Year 1,14065.53,USD balance,AGF illustrative calculation,AGF assumptions; fee principle Source 40,Gross annual return fixed at 6 percent; subtract chosen cost drag; monthly rate=(1+net annual rate)^(1/12)-1; USD 300 paid at month end. Tax and inflation excluded.
5,2 percentage-point annual cost drag,Year 2,18293.69,USD balance,AGF illustrative calculation,AGF assumptions; fee principle Source 40,Gross annual return fixed at 6 percent; subtract chosen cost drag; monthly rate=(1+net annual rate)^(1/12)-1; USD 300 paid at month end. Tax and inflation excluded.
5,2 percentage-point annual cost drag,Year 3,22690.97,USD balance,AGF illustrative calculation,AGF assumptions; fee principle Source 40,Gross annual return fixed at 6 percent; subtract chosen cost drag; monthly rate=(1+net annual rate)^(1/12)-1; USD 300 paid at month end. Tax and inflation excluded.
5,2 percentage-point annual cost drag,Year 4,27264.14,USD balance,AGF illustrative calculation,AGF assumptions; fee principle Source 40,Gross annual return fixed at 6 percent; subtract chosen cost drag; monthly rate=(1+net annual rate)^(1/12)-1; USD 300 paid at month end. Tax and inflation excluded.
5,2 percentage-point annual cost drag,Year 5,32020.24,USD balance,AGF illustrative calculation,AGF assumptions; fee principle Source 40,Gross annual return fixed at 6 percent; subtract chosen cost drag; monthly rate=(1+net annual rate)^(1/12)-1; USD 300 paid at month end. Tax and inflation excluded.
5,2 percentage-point annual cost drag,Year 6,36966.58,USD balance,AGF illustrative calculation,AGF assumptions; fee principle Source 40,Gross annual return fixed at 6 percent; subtract chosen cost drag; monthly rate=(1+net annual rate)^(1/12)-1; USD 300 paid at month end. Tax and inflation excluded.
5,2 percentage-point annual cost drag,Year 7,42110.77,USD balance,AGF illustrative calculation,AGF assumptions; fee principle Source 40,Gross annual return fixed at 6 percent; subtract chosen cost drag; monthly rate=(1+net annual rate)^(1/12)-1; USD 300 paid at month end. Tax and inflation excluded.
5,2 percentage-point annual cost drag,Year 8,47460.74,USD balance,AGF illustrative calculation,AGF assumptions; fee principle Source 40,Gross annual return fixed at 6 percent; subtract chosen cost drag; monthly rate=(1+net annual rate)^(1/12)-1; USD 300 paid at month end. Tax and inflation excluded.
5,2 percentage-point annual cost drag,Year 9,53024.7,USD balance,AGF illustrative calculation,AGF assumptions; fee principle Source 40,Gross annual return fixed at 6 percent; subtract chosen cost drag; monthly rate=(1+net annual rate)^(1/12)-1; USD 300 paid at month end. Tax and inflation excluded.
5,2 percentage-point annual cost drag,Year 10,58811.22,USD balance,AGF illustrative calculation,AGF assumptions; fee principle Source 40,Gross annual return fixed at 6 percent; subtract chosen cost drag; monthly rate=(1+net annual rate)^(1/12)-1; USD 300 paid at month end. Tax and inflation excluded.
5,2 percentage-point annual cost drag,Year 11,64829.2,USD balance,AGF illustrative calculation,AGF assumptions; fee principle Source 40,Gross annual return fixed at 6 percent; subtract chosen cost drag; monthly rate=(1+net annual rate)^(1/12)-1; USD 300 paid at month end. Tax and inflation excluded.
5,2 percentage-point annual cost drag,Year 12,71087.9,USD balance,AGF illustrative calculation,AGF assumptions; fee principle Source 40,Gross annual return fixed at 6 percent; subtract chosen cost drag; monthly rate=(1+net annual rate)^(1/12)-1; USD 300 paid at month end. Tax and inflation excluded.
5,2 percentage-point annual cost drag,Year 13,77596.95,USD balance,AGF illustrative calculation,AGF assumptions; fee principle Source 40,Gross annual return fixed at 6 percent; subtract chosen cost drag; monthly rate=(1+net annual rate)^(1/12)-1; USD 300 paid at month end. Tax and inflation excluded.
5,2 percentage-point annual cost drag,Year 14,84366.36,USD balance,AGF illustrative calculation,AGF assumptions; fee principle Source 40,Gross annual return fixed at 6 percent; subtract chosen cost drag; monthly rate=(1+net annual rate)^(1/12)-1; USD 300 paid at month end. Tax and inflation excluded.
5,2 percentage-point annual cost drag,Year 15,91406.55,USD balance,AGF illustrative calculation,AGF assumptions; fee principle Source 40,Gross annual return fixed at 6 percent; subtract chosen cost drag; monthly rate=(1+net annual rate)^(1/12)-1; USD 300 paid at month end. Tax and inflation excluded.
5,2 percentage-point annual cost drag,Year 16,98728.34,USD balance,AGF illustrative calculation,AGF assumptions; fee principle Source 40,Gross annual return fixed at 6 percent; subtract chosen cost drag; monthly rate=(1+net annual rate)^(1/12)-1; USD 300 paid at month end. Tax and inflation excluded.
5,2 percentage-point annual cost drag,Year 17,106343.01,USD balance,AGF illustrative calculation,AGF assumptions; fee principle Source 40,Gross annual return fixed at 6 percent; subtract chosen cost drag; monthly rate=(1+net annual rate)^(1/12)-1; USD 300 paid at month end. Tax and inflation excluded.
5,2 percentage-point annual cost drag,Year 18,114262.26,USD balance,AGF illustrative calculation,AGF assumptions; fee principle Source 40,Gross annual return fixed at 6 percent; subtract chosen cost drag; monthly rate=(1+net annual rate)^(1/12)-1; USD 300 paid at month end. Tax and inflation excluded.
5,2 percentage-point annual cost drag,Year 19,122498.29,USD balance,AGF illustrative calculation,AGF assumptions; fee principle Source 40,Gross annual return fixed at 6 percent; subtract chosen cost drag; monthly rate=(1+net annual rate)^(1/12)-1; USD 300 paid at month end. Tax and inflation excluded.
5,2 percentage-point annual cost drag,Year 20,131063.75,USD balance,AGF illustrative calculation,AGF assumptions; fee principle Source 40,Gross annual return fixed at 6 percent; subtract chosen cost drag; monthly rate=(1+net annual rate)^(1/12)-1; USD 300 paid at month end. Tax and inflation excluded.
5,Money contributed,Year 0,10000,USD,AGF illustrative calculation,AGF scenario,10000 initial plus 300 at each month-end
5,Money contributed,Year 1,13600,USD,AGF illustrative calculation,AGF scenario,10000 initial plus 300 at each month-end
5,Money contributed,Year 2,17200,USD,AGF illustrative calculation,AGF scenario,10000 initial plus 300 at each month-end
5,Money contributed,Year 3,20800,USD,AGF illustrative calculation,AGF scenario,10000 initial plus 300 at each month-end
5,Money contributed,Year 4,24400,USD,AGF illustrative calculation,AGF scenario,10000 initial plus 300 at each month-end
5,Money contributed,Year 5,28000,USD,AGF illustrative calculation,AGF scenario,10000 initial plus 300 at each month-end
5,Money contributed,Year 6,31600,USD,AGF illustrative calculation,AGF scenario,10000 initial plus 300 at each month-end
5,Money contributed,Year 7,35200,USD,AGF illustrative calculation,AGF scenario,10000 initial plus 300 at each month-end
5,Money contributed,Year 8,38800,USD,AGF illustrative calculation,AGF scenario,10000 initial plus 300 at each month-end
5,Money contributed,Year 9,42400,USD,AGF illustrative calculation,AGF scenario,10000 initial plus 300 at each month-end
5,Money contributed,Year 10,46000,USD,AGF illustrative calculation,AGF scenario,10000 initial plus 300 at each month-end
5,Money contributed,Year 11,49600,USD,AGF illustrative calculation,AGF scenario,10000 initial plus 300 at each month-end
5,Money contributed,Year 12,53200,USD,AGF illustrative calculation,AGF scenario,10000 initial plus 300 at each month-end
5,Money contributed,Year 13,56800,USD,AGF illustrative calculation,AGF scenario,10000 initial plus 300 at each month-end
5,Money contributed,Year 14,60400,USD,AGF illustrative calculation,AGF scenario,10000 initial plus 300 at each month-end
5,Money contributed,Year 15,64000,USD,AGF illustrative calculation,AGF scenario,10000 initial plus 300 at each month-end
5,Money contributed,Year 16,67600,USD,AGF illustrative calculation,AGF scenario,10000 initial plus 300 at each month-end
5,Money contributed,Year 17,71200,USD,AGF illustrative calculation,AGF scenario,10000 initial plus 300 at each month-end
5,Money contributed,Year 18,74800,USD,AGF illustrative calculation,AGF scenario,10000 initial plus 300 at each month-end
5,Money contributed,Year 19,78400,USD,AGF illustrative calculation,AGF scenario,10000 initial plus 300 at each month-end
5,Money contributed,Year 20,82000,USD,AGF illustrative calculation,AGF scenario,10000 initial plus 300 at each month-end
6,Asset return in home currency,One year,12,percent,AGF illustrative assumption or calculation,AGF scenario,Euro return=(1+0.12)*(1-0.15)-1=-0.048. Currency change defined as euro value per unit of home currency. Not live rates.
6,Change in euro value of home currency,One year,-15,percent,AGF illustrative assumption or calculation,AGF scenario,Euro return=(1+0.12)*(1-0.15)-1=-0.048. Currency change defined as euro value per unit of home currency. Not live rates.
6,Asset return translated into euros,One year,-4.8,percent,AGF illustrative assumption or calculation,AGF scenario,Euro return=(1+0.12)*(1-0.15)-1=-0.048. Currency change defined as euro value per unit of home currency. Not live rates.
7,Annual revenue,Base,120000,USD,AGF illustrative assumption or calculation,AGF scenario,"Surplus before tax, financing and reinvestment. Costs fixed for stress exercise, not a claim about actual business flexibility."
7,Fixed annual costs,Base,72000,USD,AGF illustrative assumption or calculation,AGF scenario,"Surplus before tax, financing and reinvestment. Costs fixed for stress exercise, not a claim about actual business flexibility."
7,Operating surplus,Base,48000,USD,AGF illustrative assumption or calculation,AGF scenario,"Surplus before tax, financing and reinvestment. Costs fixed for stress exercise, not a claim about actual business flexibility."
7,Annual revenue,Revenue down 25 percent,90000,USD,AGF illustrative assumption or calculation,AGF scenario,"Surplus before tax, financing and reinvestment. Costs fixed for stress exercise, not a claim about actual business flexibility."
7,Fixed annual costs,Revenue down 25 percent,72000,USD,AGF illustrative assumption or calculation,AGF scenario,"Surplus before tax, financing and reinvestment. Costs fixed for stress exercise, not a claim about actual business flexibility."
7,Operating surplus,Revenue down 25 percent,18000,USD,AGF illustrative assumption or calculation,AGF scenario,"Surplus before tax, financing and reinvestment. Costs fixed for stress exercise, not a claim about actual business flexibility."
7,Annual revenue,Revenue down 40 percent,72000,USD,AGF illustrative assumption or calculation,AGF scenario,"Surplus before tax, financing and reinvestment. Costs fixed for stress exercise, not a claim about actual business flexibility."
7,Fixed annual costs,Revenue down 40 percent,72000,USD,AGF illustrative assumption or calculation,AGF scenario,"Surplus before tax, financing and reinvestment. Costs fixed for stress exercise, not a claim about actual business flexibility."
7,Operating surplus,Revenue down 40 percent,0,USD,AGF illustrative assumption or calculation,AGF scenario,"Surplus before tax, financing and reinvestment. Costs fixed for stress exercise, not a claim about actual business flexibility."
8,98% monthly retention,Renewal 0,250.0,modelled customers,AGF illustrative calculation,AGF scenario,250 * monthly retention rate ^ renewal cycles. Fractional mathematical counts; no new customers or reactivations. Rates invented.
8,98% monthly retention,Renewal 1,245.0,modelled customers,AGF illustrative calculation,AGF scenario,250 * monthly retention rate ^ renewal cycles. Fractional mathematical counts; no new customers or reactivations. Rates invented.
8,98% monthly retention,Renewal 2,240.1,modelled customers,AGF illustrative calculation,AGF scenario,250 * monthly retention rate ^ renewal cycles. Fractional mathematical counts; no new customers or reactivations. Rates invented.
8,98% monthly retention,Renewal 3,235.298,modelled customers,AGF illustrative calculation,AGF scenario,250 * monthly retention rate ^ renewal cycles. Fractional mathematical counts; no new customers or reactivations. Rates invented.
8,98% monthly retention,Renewal 4,230.592,modelled customers,AGF illustrative calculation,AGF scenario,250 * monthly retention rate ^ renewal cycles. Fractional mathematical counts; no new customers or reactivations. Rates invented.
8,98% monthly retention,Renewal 5,225.9802,modelled customers,AGF illustrative calculation,AGF scenario,250 * monthly retention rate ^ renewal cycles. Fractional mathematical counts; no new customers or reactivations. Rates invented.
8,98% monthly retention,Renewal 6,221.4606,modelled customers,AGF illustrative calculation,AGF scenario,250 * monthly retention rate ^ renewal cycles. Fractional mathematical counts; no new customers or reactivations. Rates invented.
8,98% monthly retention,Renewal 7,217.0314,modelled customers,AGF illustrative calculation,AGF scenario,250 * monthly retention rate ^ renewal cycles. Fractional mathematical counts; no new customers or reactivations. Rates invented.
8,98% monthly retention,Renewal 8,212.6908,modelled customers,AGF illustrative calculation,AGF scenario,250 * monthly retention rate ^ renewal cycles. Fractional mathematical counts; no new customers or reactivations. Rates invented.
8,98% monthly retention,Renewal 9,208.4369,modelled customers,AGF illustrative calculation,AGF scenario,250 * monthly retention rate ^ renewal cycles. Fractional mathematical counts; no new customers or reactivations. Rates invented.
8,98% monthly retention,Renewal 10,204.2682,modelled customers,AGF illustrative calculation,AGF scenario,250 * monthly retention rate ^ renewal cycles. Fractional mathematical counts; no new customers or reactivations. Rates invented.
8,98% monthly retention,Renewal 11,200.1828,modelled customers,AGF illustrative calculation,AGF scenario,250 * monthly retention rate ^ renewal cycles. Fractional mathematical counts; no new customers or reactivations. Rates invented.
8,98% monthly retention,Renewal 12,196.1792,modelled customers,AGF illustrative calculation,AGF scenario,250 * monthly retention rate ^ renewal cycles. Fractional mathematical counts; no new customers or reactivations. Rates invented.
8,90% monthly retention,Renewal 0,250.0,modelled customers,AGF illustrative calculation,AGF scenario,250 * monthly retention rate ^ renewal cycles. Fractional mathematical counts; no new customers or reactivations. Rates invented.
8,90% monthly retention,Renewal 1,225.0,modelled customers,AGF illustrative calculation,AGF scenario,250 * monthly retention rate ^ renewal cycles. Fractional mathematical counts; no new customers or reactivations. Rates invented.
8,90% monthly retention,Renewal 2,202.5,modelled customers,AGF illustrative calculation,AGF scenario,250 * monthly retention rate ^ renewal cycles. Fractional mathematical counts; no new customers or reactivations. Rates invented.
8,90% monthly retention,Renewal 3,182.25,modelled customers,AGF illustrative calculation,AGF scenario,250 * monthly retention rate ^ renewal cycles. Fractional mathematical counts; no new customers or reactivations. Rates invented.
8,90% monthly retention,Renewal 4,164.025,modelled customers,AGF illustrative calculation,AGF scenario,250 * monthly retention rate ^ renewal cycles. Fractional mathematical counts; no new customers or reactivations. Rates invented.
8,90% monthly retention,Renewal 5,147.6225,modelled customers,AGF illustrative calculation,AGF scenario,250 * monthly retention rate ^ renewal cycles. Fractional mathematical counts; no new customers or reactivations. Rates invented.
8,90% monthly retention,Renewal 6,132.8603,modelled customers,AGF illustrative calculation,AGF scenario,250 * monthly retention rate ^ renewal cycles. Fractional mathematical counts; no new customers or reactivations. Rates invented.
8,90% monthly retention,Renewal 7,119.5742,modelled customers,AGF illustrative calculation,AGF scenario,250 * monthly retention rate ^ renewal cycles. Fractional mathematical counts; no new customers or reactivations. Rates invented.
8,90% monthly retention,Renewal 8,107.6168,modelled customers,AGF illustrative calculation,AGF scenario,250 * monthly retention rate ^ renewal cycles. Fractional mathematical counts; no new customers or reactivations. Rates invented.
8,90% monthly retention,Renewal 9,96.8551,modelled customers,AGF illustrative calculation,AGF scenario,250 * monthly retention rate ^ renewal cycles. Fractional mathematical counts; no new customers or reactivations. Rates invented.
8,90% monthly retention,Renewal 10,87.1696,modelled customers,AGF illustrative calculation,AGF scenario,250 * monthly retention rate ^ renewal cycles. Fractional mathematical counts; no new customers or reactivations. Rates invented.
8,90% monthly retention,Renewal 11,78.4526,modelled customers,AGF illustrative calculation,AGF scenario,250 * monthly retention rate ^ renewal cycles. Fractional mathematical counts; no new customers or reactivations. Rates invented.
8,90% monthly retention,Renewal 12,70.6074,modelled customers,AGF illustrative calculation,AGF scenario,250 * monthly retention rate ^ renewal cycles. Fractional mathematical counts; no new customers or reactivations. Rates invented.
9,Internet use 2025,ITU Africa region,36,percent of individuals,Published estimate,Source 25 ITU Facts and Figures 2025,Overlapping regional and income groupings; not digital earning rates
9,Internet use 2025,World,74,percent of individuals,Published estimate,Source 25 ITU Facts and Figures 2025,Overlapping regional and income groupings; not digital earning rates
9,Internet use 2025,High-income economies,94,percent of individuals,Published estimate,Source 25 ITU Facts and Figures 2025,Overlapping regional and income groupings; not digital earning rates
