figure,series,value,unit,period,evidence_type,source_numbers,source_urls,calculation,scope_or_limit
1,Sub-Saharan Africa,4.9,percent,2023,published,2,https://www.unesco.org/reports/gem-report/en/2026-monitoring-sdg4,,"Outbound mobility ratio; denominator is tertiary enrolment, not all youth."
1,World,2.8,percent,2023,published,2,https://www.unesco.org/reports/gem-report/en/2026-monitoring-sdg4,,"Outbound mobility ratio; denominator is tertiary enrolment, not all youth."
2,Original plan,100,index; original plan = 100,illustrative,AGF scenario,,,30000 / 30000 * 100,Chosen assumptions; no forecast; fixed destination-currency scholarship.
2,Longer search and living costs,130.5,index; original plan = 100,illustrative,AGF scenario,,,39150 / 30000 * 100,Chosen assumptions; no forecast; fixed destination-currency scholarship.
2,Adverse case with FX shock,150.075,index; original plan = 100,illustrative,AGF scenario,,,39150 * 1.15 / 30000 * 100,Chosen assumptions; no forecast; fixed destination-currency scholarship.
3,Assisted practice,48,percent relative grade difference,2025 publication,published,29,https://pmc.ncbi.nlm.nih.gov/articles/PMC12232635/,,GPT Base versus control; distinct assessment stages; not African university outcomes.
3,Unassisted exam,-17,percent relative grade difference,2025 publication,published,29,https://pmc.ncbi.nlm.nih.gov/articles/PMC12232635/,,GPT Base versus control; distinct assessment stages; not African university outcomes.
4,Adzuna baseline,100,index,January 2025,AGF index,6,https://www.adzuna.co.uk/job-market-report/23-february-2026/,Baseline = 100,Different sample and period in each panel; no AI causation.
4,Adzuna later,55,index,January 2026,AGF index,6,https://www.adzuna.co.uk/job-market-report/23-february-2026/,100 * (1 - 0.45),Different sample and period in each panel; no AI causation.
4,ISE matched mean,123,mean applications per vacancy,2023/24,published,7,https://ise.org.uk/_userfiles/pages/files/reports/student_recruitment_survey_2025.pdf,,Different sample and period in each panel; no AI causation.
4,ISE matched mean,140,mean applications per vacancy,2024/25,published,7,https://ise.org.uk/_userfiles/pages/files/reports/student_recruitment_survey_2025.pdf,,Different sample and period in each panel; no AI causation.
5,Non-EU citizens,41.4,percent,2025,published,9,https://ec.europa.eu/eurostat/statistics-explained/index.php?title=Migrant_integration_statistics_-_over-qualification,,Employed tertiary-educated people by citizenship; not unemployment or AI effects.
5,Other EU citizens,30.2,percent,2025,published,9,https://ec.europa.eu/eurostat/statistics-explained/index.php?title=Migrant_integration_statistics_-_over-qualification,,Employed tertiary-educated people by citizenship; not unemployment or AI effects.
5,Nationals,20.0,percent,2025,published,9,https://ec.europa.eu/eurostat/statistics-explained/index.php?title=Migrant_integration_statistics_-_over-qualification,,Employed tertiary-educated people by citizenship; not unemployment or AI effects.
6,20 total hours,40.0,currency units per hour,illustrative,AGF scenario,,,(10 * 100 - 200) / 20,"Before tax, additional overhead and risk; assumed revenue; permissions separate."
6,40 total hours,20.0,currency units per hour,illustrative,AGF scenario,,,(10 * 100 - 200) / 40,"Before tax, additional overhead and risk; assumed revenue; permissions separate."
6,60 total hours,13.333333,currency units per hour,illustrative,AGF scenario,,,(10 * 100 - 200) / 60,"Before tax, additional overhead and risk; assumed revenue; permissions separate."
6,80 total hours,10.0,currency units per hour,illustrative,AGF scenario,,,(10 * 100 - 200) / 80,"Before tax, additional overhead and risk; assumed revenue; permissions separate."
7,High-income countries,34,percent,2025 assessment,published,3,https://www.ilo.org/publications/generative-ai-and-jobs-refined-global-index-occupational-exposure,,Rounded occupational exposure estimates; not job-loss probability; income groups not continents.
7,World,25,percent,2025 assessment,published,3,https://www.ilo.org/publications/generative-ai-and-jobs-refined-global-index-occupational-exposure,,Rounded occupational exposure estimates; not job-loss probability; income groups not continents.
7,Low-income countries,11,percent,2025 assessment,published,3,https://www.ilo.org/publications/generative-ai-and-jobs-refined-global-index-occupational-exposure,,Rounded occupational exposure estimates; not job-loss probability; income groups not continents.
8,Informal share of new jobs,87.2,percent,2025,published,35,https://www.knbs.or.ke/wp-content/uploads/2026/04/2026-Economic-Survey.pdf,,"New recorded jobs, excluding small-scale agriculture; Kenya only."
8,Formal or modern share of new jobs,12.8,percent,2025,AGF calculation,35,https://www.knbs.or.ke/wp-content/uploads/2026/04/2026-Economic-Survey.pdf,100 - 87.2,Complement of rounded informal share.
8,Total new recorded jobs,822100,jobs,2025,published,35,https://www.knbs.or.ke/wp-content/uploads/2026/04/2026-Economic-Survey.pdf,,Not the total employment stock; excludes small-scale agriculture.
9,World,74,percent,2025 estimates,published,33,https://www.itu.int/dms_pub/itu-d/opb/ind/D-IND-ICT_MDD-2025-3-PDF-E.pdf,,"ITU Africa region; internet use, not AI use, affordability or reliable access."
9,Africa region,36,percent,2025 estimates,published,33,https://www.itu.int/dms_pub/itu-d/opb/ind/D-IND-ICT_MDD-2025-3-PDF-E.pdf,,"ITU Africa region; internet use, not AI use, affordability or reliable access."
9,Urban Africa,55,percent,2025 estimates,published,33,https://www.itu.int/dms_pub/itu-d/opb/ind/D-IND-ICT_MDD-2025-3-PDF-E.pdf,,"ITU Africa region; internet use, not AI use, affordability or reliable access."
9,Rural Africa,21,percent,2025 estimates,published,33,https://www.itu.int/dms_pub/itu-d/opb/ind/D-IND-ICT_MDD-2025-3-PDF-E.pdf,,"ITU Africa region; internet use, not AI use, affordability or reliable access."
9,Men in Africa,40,percent,2025 estimates,published,33,https://www.itu.int/dms_pub/itu-d/opb/ind/D-IND-ICT_MDD-2025-3-PDF-E.pdf,,"ITU Africa region; internet use, not AI use, affordability or reliable access."
9,Women in Africa,31,percent,2025 estimates,published,33,https://www.itu.int/dms_pub/itu-d/opb/ind/D-IND-ICT_MDD-2025-3-PDF-E.pdf,,"ITU Africa region; internet use, not AI use, affordability or reliable access."
